<?xml version="1.0"?>
<extension key="net.interlated.journaltracking" type="module">
  <downloadUrl>http://localhost:8888/net.interlated.journaltracking.zip</downloadUrl>
  <file>journaltracking</file>
  <name>Journal Tracking</name>
  <description>Journal Tracking</description>
  <license>FIXME</license>
  <maintainer>
    <author>John Robens</author>
    <email>jrobens@interlated.com.au</email>
  </maintainer>
  <releaseDate>2012-06-25</releaseDate>
  <version>1.0</version>
  <develStage>alpha</develStage>
  <compatibility>
    <ver>4.1</ver>
  </compatibility>
  <comments>This is a new, undeveloped module</comments>
  <civix>
    <namespace>CRM/Journaltracking</namespace>
  </civix>
</extension>
    